sort_order	statement_type	report_area	section_l1	section_l2	section_l3	section_l4	account_code	account_name	parent_code	parent_name	row_type	normal_balance	report_sign	is_leaf_for_calculation	formula_or_rule	notes
10	Balance Sheet	Active	Active imobilizate								REPORT_GROUP	Debit	+	FALSE	Agregare conturi active imobilizate	Nod de raportare
20	Balance Sheet	Active	Active imobilizate	Imobilizări necorporale (intangibile) nete							CALCULATED	Debit	calculated	FALSE	Imobilizări necorporale brute - amortizare cumulată necorporale	
30	Balance Sheet	Active	Active imobilizate	Imobilizări necorporale (intangibile) nete	Imobilizări necorporale (intangibile) brute						REPORT_GROUP	Debit	+	FALSE		
40	Balance Sheet	Active	Active imobilizate	Imobilizări necorporale (intangibile) nete	Imobilizări necorporale (intangibile) brute		208	Alte imobilizări necorporale		Imobilizări necorporale brute	ACCOUNT_LEAF	Debit	+	TRUE		
50	Balance Sheet	Active	Active imobilizate	Imobilizări necorporale (intangibile) nete	Amortizare cumulată pentru imobilizări necorporale						REPORT_GROUP	Credit	-	FALSE		
60	Balance Sheet	Active	Active imobilizate	Imobilizări necorporale (intangibile) nete	Amortizare cumulată pentru imobilizări necorporale		280	Amortizări privind imobilizările necorporale		Amortizare cumulată pentru imobilizări necorporale	ACCOUNT_GROUP	Credit	-	FALSE		Contra-activ; cont sintetic cu analitic în structură
70	Balance Sheet	Active	Active imobilizate	Imobilizări necorporale (intangibile) nete	Amortizare cumulată pentru imobilizări necorporale	280	2808	Amortizarea altor imobilizări necorporale	280	Amortizări privind imobilizările necorporale	ACCOUNT_LEAF	Credit	-	TRUE		Contra-activ
80	Balance Sheet	Active	Active imobilizate	Investiții financiare pe termen lung nete							CALCULATED	Debit	calculated	FALSE	Investiții financiare pe termen lung brute - ajustări dacă există	
90	Balance Sheet	Active	Active imobilizate	Investiții financiare pe termen lung nete	Investiții financiare pe termen lung brute						REPORT_GROUP	Debit	+	FALSE		
100	Balance Sheet	Active	Active imobilizate	Investiții financiare pe termen lung nete	Investiții financiare pe termen lung brute		265	Alte titluri imobilizate		Investiții financiare pe termen lung brute	ACCOUNT_LEAF	Debit	+	TRUE		
110	Balance Sheet	Active	Active imobilizate	Imobilizări corporale (tangibile) nete							CALCULATED	Debit	calculated	FALSE	Imobilizări corporale brute - amortizare cumulată corporală	
120	Balance Sheet	Active	Active imobilizate	Imobilizări corporale (tangibile) nete	Imobilizări corporale (tangibile) brute						REPORT_GROUP	Debit	+	FALSE		
130	Balance Sheet	Active	Active imobilizate	Imobilizări corporale (tangibile) nete	Imobilizări corporale (tangibile) brute		211	Terenuri și amenajări de terenuri		Imobilizări corporale brute	ACCOUNT_GROUP	Debit	+	FALSE		
140	Balance Sheet	Active	Active imobilizate	Imobilizări corporale (tangibile) nete	Imobilizări corporale (tangibile) brute	211	2111	Terenuri	211	Terenuri și amenajări de terenuri	ACCOUNT_LEAF	Debit	+	TRUE		
150	Balance Sheet	Active	Active imobilizate	Imobilizări corporale (tangibile) nete	Imobilizări corporale (tangibile) brute		212	Construcții		Imobilizări corporale brute	ACCOUNT_LEAF	Debit	+	TRUE		
160	Balance Sheet	Active	Active imobilizate	Imobilizări corporale (tangibile) nete	Imobilizări corporale (tangibile) brute		213	Instalații tehnice și mijloace de transport		Imobilizări corporale brute	ACCOUNT_GROUP	Debit	+	FALSE		
170	Balance Sheet	Active	Active imobilizate	Imobilizări corporale (tangibile) nete	Imobilizări corporale (tangibile) brute	213	2131	Echipamente tehnologice, mașini, utilaje și instalații de lucru	213	Instalații tehnice și mijloace de transport	ACCOUNT_LEAF	Debit	+	TRUE		
180	Balance Sheet	Active	Active imobilizate	Imobilizări corporale (tangibile) nete	Imobilizări corporale (tangibile) brute	213	2132	Aparate și instalații de măsurare, control și reglare	213	Instalații tehnice și mijloace de transport	ACCOUNT_LEAF	Debit	+	TRUE		
190	Balance Sheet	Active	Active imobilizate	Imobilizări corporale (tangibile) nete	Imobilizări corporale (tangibile) brute	213	2133	Mijloace de transport	213	Instalații tehnice și mijloace de transport	ACCOUNT_LEAF	Debit	+	TRUE		
200	Balance Sheet	Active	Active imobilizate	Imobilizări corporale (tangibile) nete	Imobilizări corporale (tangibile) brute		214	Mobilier, aparatură birotică, echipamente de protecție și alte active corporale		Imobilizări corporale brute	ACCOUNT_LEAF	Debit	+	TRUE		
210	Balance Sheet	Active	Active imobilizate	Imobilizări corporale (tangibile) nete	Imobilizări corporale (tangibile) brute		231	Imobilizări corporale în curs de execuție		Imobilizări corporale brute	ACCOUNT_LEAF	Debit	+	TRUE		
220	Balance Sheet	Active	Active imobilizate	Imobilizări corporale (tangibile) nete	Amortizare cumulată pentru imobilizări corporale						REPORT_GROUP	Credit	-	FALSE		
230	Balance Sheet	Active	Active imobilizate	Imobilizări corporale (tangibile) nete	Amortizare cumulată pentru imobilizări corporale		281	Amortizări privind imobilizările corporale		Amortizare cumulată pentru imobilizări corporale	ACCOUNT_GROUP	Credit	-	FALSE		Contra-activ; cont sintetic cu analitice în structură
240	Balance Sheet	Active	Active imobilizate	Imobilizări corporale (tangibile) nete	Amortizare cumulată pentru imobilizări corporale	281	2812	Amortizarea construcțiilor	281	Amortizări privind imobilizările corporale	ACCOUNT_LEAF	Credit	-	TRUE		Contra-activ
250	Balance Sheet	Active	Active imobilizate	Imobilizări corporale (tangibile) nete	Amortizare cumulată pentru imobilizări corporale	281	2813	Amortizarea instalațiilor și mijloacelor de transport	281	Amortizări privind imobilizările corporale	ACCOUNT_LEAF	Credit	-	TRUE		Contra-activ
260	Balance Sheet	Active	Active imobilizate	Imobilizări corporale (tangibile) nete	Amortizare cumulată pentru imobilizări corporale	281	2814	Amortizarea altor imobilizări corporale	281	Amortizări privind imobilizările corporale	ACCOUNT_LEAF	Credit	-	TRUE		Contra-activ
270	Balance Sheet	Active	Active imobilizate	Creanțe pe termen lung / imobilizate	Creanțe imobilizate						REPORT_GROUP	Debit	+	FALSE		
280	Balance Sheet	Active	Active imobilizate	Creanțe pe termen lung / imobilizate	Creanțe imobilizate		267	Creanțe imobilizate		Creanțe pe termen lung / imobilizate	ACCOUNT_GROUP	Debit	+	FALSE		
290	Balance Sheet	Active	Active imobilizate	Creanțe pe termen lung / imobilizate	Creanțe imobilizate	267	2678	Alte creanțe imobilizate	267	Creanțe imobilizate	ACCOUNT_LEAF	Debit	+	TRUE		
300	Balance Sheet	Active	Active curente / circulante								REPORT_GROUP	Debit	+	FALSE		
310	Balance Sheet	Active	Active curente / circulante	Stocuri nete							CALCULATED	Debit	calculated	FALSE	Stocuri brute - ajustări de valoare dacă există	
320	Balance Sheet	Active	Active curente / circulante	Stocuri nete	Stocuri brute						REPORT_GROUP	Debit	+	FALSE		
330	Balance Sheet	Active	Active curente / circulante	Stocuri nete	Stocuri brute		301	Materii prime		Stocuri brute	ACCOUNT_LEAF	Debit	+	TRUE		
340	Balance Sheet	Active	Active curente / circulante	Stocuri nete	Stocuri brute		302	Materiale consumabile		Stocuri brute	ACCOUNT_GROUP	Debit	+	FALSE		
350	Balance Sheet	Active	Active curente / circulante	Stocuri nete	Stocuri brute	302	3021	Materiale auxiliare	302	Materiale consumabile	ACCOUNT_LEAF	Debit	+	TRUE		
360	Balance Sheet	Active	Active curente / circulante	Stocuri nete	Stocuri brute	302	3022	Combustibili	302	Materiale consumabile	ACCOUNT_LEAF	Debit	+	TRUE		
370	Balance Sheet	Active	Active curente / circulante	Stocuri nete	Stocuri brute	302	3024	Piese de schimb	302	Materiale consumabile	ACCOUNT_LEAF	Debit	+	TRUE		
380	Balance Sheet	Active	Active curente / circulante	Stocuri nete	Stocuri brute	302	3028	Alte materiale consumabile	302	Materiale consumabile	ACCOUNT_LEAF	Debit	+	TRUE		
390	Balance Sheet	Active	Active curente / circulante	Stocuri nete	Stocuri brute		303	Materiale de natura obiectelor de inventar		Stocuri brute	ACCOUNT_LEAF	Debit	+	TRUE		
400	Balance Sheet	Active	Active curente / circulante	Stocuri nete	Stocuri brute		322	Materiale consumabile în curs de aprovizionare		Stocuri brute	ACCOUNT_LEAF	Debit	+	TRUE		
410	Balance Sheet	Active	Active curente / circulante	Stocuri nete	Stocuri brute		331	Produse în curs de execuție		Stocuri brute	ACCOUNT_LEAF	Debit	+	TRUE		
420	Balance Sheet	Active	Active curente / circulante	Stocuri nete	Stocuri brute		332	Servicii în curs de execuție		Stocuri brute	ACCOUNT_LEAF	Debit	+	TRUE		
430	Balance Sheet	Active	Active curente / circulante	Stocuri nete	Stocuri brute		341	Semifabricate		Stocuri brute	ACCOUNT_LEAF	Debit	+	TRUE		
440	Balance Sheet	Active	Active curente / circulante	Stocuri nete	Stocuri brute		345	Produse finite		Stocuri brute	ACCOUNT_LEAF	Debit	+	TRUE		
450	Balance Sheet	Active	Active curente / circulante	Stocuri nete	Stocuri brute		346	Produse reziduale		Stocuri brute	ACCOUNT_LEAF	Debit	+	TRUE		
460	Balance Sheet	Active	Active curente / circulante	Stocuri nete	Stocuri brute		348	Diferențe de preț la produse		Stocuri brute	ACCOUNT_LEAF	Debit	+	TRUE		
470	Balance Sheet	Active	Active curente / circulante	Stocuri nete	Stocuri brute		351	Materii și materiale aflate la terți		Stocuri brute	ACCOUNT_LEAF	Debit	+	TRUE		
480	Balance Sheet	Active	Active curente / circulante	Stocuri nete	Stocuri brute		371	Mărfuri		Stocuri brute	ACCOUNT_LEAF	Debit	+	TRUE		
490	Balance Sheet	Active	Active curente / circulante	Creanțe nete							CALCULATED	Debit	calculated	FALSE	Creanțe brute - ajustări pentru deprecierea creanțelor	
500	Balance Sheet	Active	Active curente / circulante	Creanțe nete	Creanțe brute						REPORT_GROUP	Debit	+	FALSE		
510	Balance Sheet	Active	Active curente / circulante	Creanțe nete	Creanțe brute		409	Furnizori - debitori		Creanțe brute	ACCOUNT_GROUP	Debit	+	FALSE		
520	Balance Sheet	Active	Active curente / circulante	Creanțe nete	Creanțe brute	409	4091	Furnizori - debitori pentru cumpărări de bunuri de natura stocurilor	409	Furnizori - debitori	ACCOUNT_LEAF	Debit	+	TRUE		
530	Balance Sheet	Active	Active curente / circulante	Creanțe nete	Creanțe brute	409	4092	Furnizori - debitori pentru prestări de servicii	409	Furnizori - debitori	ACCOUNT_LEAF	Debit	+	TRUE		
540	Balance Sheet	Active	Active curente / circulante	Creanțe nete	Creanțe brute		411	Clienți		Creanțe brute	ACCOUNT_GROUP	Debit	+	FALSE		
550	Balance Sheet	Active	Active curente / circulante	Creanțe nete	Creanțe brute	411	4111	Clienți	411	Clienți	ACCOUNT_LEAF	Debit	+	TRUE		
560	Balance Sheet	Active	Active curente / circulante	Creanțe nete	Creanțe brute	411	4118	Clienți incerți sau în litigiu	411	Clienți	ACCOUNT_LEAF	Debit	+	TRUE		
570	Balance Sheet	Active	Active curente / circulante	Creanțe nete	Creanțe brute		413	Efecte de primit de la clienți		Creanțe brute	ACCOUNT_LEAF	Debit	+	TRUE		
580	Balance Sheet	Active	Active curente / circulante	Creanțe nete	Creanțe brute		418	Clienți - facturi de întocmit		Creanțe brute	ACCOUNT_LEAF	Debit	+	TRUE		
590	Balance Sheet	Active	Active curente / circulante	Creanțe nete	Creanțe brute		425	Avansuri acordate personalului		Creanțe brute	ACCOUNT_LEAF	Debit	+	TRUE		
600	Balance Sheet	Active	Active curente / circulante	Creanțe nete	Creanțe brute		461	Debitori diverși		Creanțe brute	ACCOUNT_LEAF	Debit	+	TRUE		
610	Balance Sheet	Active	Active curente / circulante	Creanțe nete	Creanțe brute		471	Cheltuieli înregistrate în avans		Creanțe brute / active curente	ACCOUNT_LEAF	Debit	+	TRUE		Active curente preplătite
620	Balance Sheet	Active	Active curente / circulante	Creanțe nete	Ajustare de valoare a creanțelor						REPORT_GROUP	Credit	-	FALSE		
630	Balance Sheet	Active	Active curente / circulante	Creanțe nete	Ajustare de valoare a creanțelor		490	Ajustări pentru deprecierea creanțelor reprezentând avansuri acordate furnizorilor		Ajustare de valoare a creanțelor	ACCOUNT_GROUP	Credit	-	FALSE		Contra-activ / ajustare pentru depreciere
640	Balance Sheet	Active	Active curente / circulante	Creanțe nete	Ajustare de valoare a creanțelor	490	4901	Ajustări pentru deprecierea creanțelor aferente cumpărărilor de bunuri de natura stocurilor	490	Ajustări pentru deprecierea creanțelor reprezentând avansuri acordate furnizorilor	ACCOUNT_LEAF	Credit	-	TRUE		Contra-activ / ajustare pentru depreciere
650	Balance Sheet	Active	Active curente / circulante	Creanțe nete	Ajustare de valoare a creanțelor	490	4902	Ajustări pentru deprecierea creanțelor aferente prestărilor de servicii	490	Ajustări pentru deprecierea creanțelor reprezentând avansuri acordate furnizorilor	ACCOUNT_LEAF	Credit	-	TRUE		Contra-activ / ajustare pentru depreciere
660	Balance Sheet	Active	Active curente / circulante	Creanțe nete	Ajustare de valoare a creanțelor		491	Ajustări pentru deprecierea creanțelor - clienți		Ajustare de valoare a creanțelor	ACCOUNT_LEAF	Credit	-	TRUE		Contra-activ / ajustare pentru depreciere
670	Balance Sheet	Active	Active curente / circulante	Sold numerar							REPORT_GROUP	Debit	+	FALSE		
680	Balance Sheet	Active	Active curente / circulante	Sold numerar			512	Conturi curente la bănci		Sold numerar	ACCOUNT_GROUP	Debit	+	FALSE		
690	Balance Sheet	Active	Active curente / circulante	Sold numerar		512	5121	Conturi la bănci în lei	512	Conturi curente la bănci	ACCOUNT_LEAF	Debit	+	TRUE		
700	Balance Sheet	Active	Active curente / circulante	Sold numerar		512	5124	Conturi la bănci în valută	512	Conturi curente la bănci	ACCOUNT_LEAF	Debit	+	TRUE		
710	Balance Sheet	Active	Active curente / circulante	Sold numerar			531	Casa		Sold numerar	ACCOUNT_GROUP	Debit	+	FALSE		
720	Balance Sheet	Active	Active curente / circulante	Sold numerar		531	5311	Casa în lei	531	Casa	ACCOUNT_LEAF	Debit	+	TRUE		
730	Balance Sheet	Active	Active curente / circulante	Sold numerar		531	5314	Casa în valută	531	Casa	ACCOUNT_LEAF	Debit	+	TRUE		
740	Balance Sheet	Active	Active curente / circulante	Alte active curente							REPORT_GROUP	Debit	+	FALSE		
750	Balance Sheet	Active	Active curente / circulante	Alte active curente			532	Alte valori		Alte active curente	ACCOUNT_GROUP	Debit	+	FALSE		
760	Balance Sheet	Active	Active curente / circulante	Alte active curente		532	5328	Alte valori	532	Alte valori	ACCOUNT_LEAF	Debit	+	TRUE		
770	Balance Sheet	Active	Active curente / circulante	Alte active curente			542	Avansuri de trezorerie		Alte active curente	ACCOUNT_LEAF	Debit	+	TRUE		
780	Balance Sheet	Active	Active curente / circulante	Investiții financiare pe termen scurt							REPORT_GROUP	Debit	+	FALSE		
790	Balance Sheet	Active	Active curente / circulante	Investiții financiare pe termen scurt			508	Alte investiții pe termen scurt și creanțe asimilate		Investiții financiare pe termen scurt	ACCOUNT_GROUP	Debit	+	FALSE		
800	Balance Sheet	Active	Active curente / circulante	Investiții financiare pe termen scurt		508	5081	Alte titluri de plasament	508	Alte investiții pe termen scurt și creanțe asimilate	ACCOUNT_LEAF	Debit	+	TRUE		
805	Balance Sheet	Active	Active totale								CALCULATED	Debit	calculated	FALSE	Active imobilizate + Active curente / circulante	Câmp calculat observat în raport; total active bilanțiere
810	Balance Sheet	Pasive	Datorii pe termen scurt								REPORT_GROUP	Credit	+	FALSE		
820	Balance Sheet	Pasive	Datorii pe termen scurt	Sume datorate către / pentru salariați							REPORT_GROUP	Credit	+	FALSE		
830	Balance Sheet	Pasive	Datorii pe termen scurt	Sume datorate către / pentru salariați			421	Personal - salarii datorate		Sume datorate către / pentru salariați	ACCOUNT_LEAF	Credit	+	TRUE		
840	Balance Sheet	Pasive	Datorii pe termen scurt	Sume datorate către / pentru salariați			423	Personal - ajutoare materiale datorate		Sume datorate către / pentru salariați	ACCOUNT_LEAF	Credit	+	TRUE		
850	Balance Sheet	Pasive	Datorii pe termen scurt	Sume datorate către / pentru salariați			427	Rețineri din salarii datorate terților		Sume datorate către / pentru salariați	ACCOUNT_LEAF	Credit	+	TRUE		
860	Balance Sheet	Pasive	Datorii pe termen scurt	Sume datorate către / pentru salariați			428	Alte datorii și creanțe în legătură cu personalul		Sume datorate către / pentru salariați	ACCOUNT_GROUP	Credit	+	FALSE		
870	Balance Sheet	Pasive	Datorii pe termen scurt	Sume datorate către / pentru salariați		428	4281	Alte datorii în legătură cu personalul	428	Alte datorii și creanțe în legătură cu personalul	ACCOUNT_LEAF	Credit	+	TRUE		
880	Balance Sheet	Pasive	Datorii pe termen scurt	Sume datorate către / pentru salariați		428	4282	Alte creanțe în legătură cu personalul	428	Alte datorii și creanțe în legătură cu personalul	ACCOUNT_LEAF	Debit	-	TRUE		Creanță; dacă se afișează în pasive, se scade
890	Balance Sheet	Pasive	Datorii pe termen scurt	Împrumuturi pe termen scurt							REPORT_GROUP	Credit	+	FALSE		
900	Balance Sheet	Pasive	Datorii pe termen scurt	Împrumuturi pe termen scurt			519	Credite bancare pe termen scurt		Împrumuturi pe termen scurt	ACCOUNT_GROUP	Credit	+	FALSE		
910	Balance Sheet	Pasive	Datorii pe termen scurt	Împrumuturi pe termen scurt		519	5191	Credite bancare pe termen scurt	519	Credite bancare pe termen scurt	ACCOUNT_LEAF	Credit	+	TRUE		
920	Balance Sheet	Pasive	Datorii pe termen scurt	Împrumuturi pe termen scurt		519	5198	Dobânzi aferente creditelor bancare pe termen scurt	519	Credite bancare pe termen scurt	ACCOUNT_LEAF	Credit	+	TRUE		
930	Balance Sheet	Pasive	Datorii pe termen scurt	Datorii către bugetele de stat							REPORT_GROUP	Credit	+	FALSE		
940	Balance Sheet	Pasive	Datorii pe termen scurt	Datorii către bugetele de stat			431	Asigurări sociale		Datorii către bugetele de stat	ACCOUNT_GROUP	Credit	+	FALSE		
950	Balance Sheet	Pasive	Datorii pe termen scurt	Datorii către bugetele de stat		431	4311	Contribuția unității la asigurările sociale	431	Asigurări sociale	ACCOUNT_LEAF	Credit	+	TRUE		
960	Balance Sheet	Pasive	Datorii pe termen scurt	Datorii către bugetele de stat		431	4312	Contribuția personalului la asigurările sociale	431	Asigurări sociale	ACCOUNT_LEAF	Credit	+	TRUE		
970	Balance Sheet	Pasive	Datorii pe termen scurt	Datorii către bugetele de stat		431	4313	Contribuția angajatorului pentru asigurările sociale de sănătate	431	Asigurări sociale	ACCOUNT_LEAF	Credit	+	TRUE		
980	Balance Sheet	Pasive	Datorii pe termen scurt	Datorii către bugetele de stat		431	4314	Contribuția angajaților pentru asigurările sociale de sănătate	431	Asigurări sociale	ACCOUNT_LEAF	Credit	+	TRUE		
990	Balance Sheet	Pasive	Datorii pe termen scurt	Datorii către bugetele de stat		431	4315	Contribuția de asigurări sociale	431	Asigurări sociale	ACCOUNT_LEAF	Credit	+	TRUE		
1000	Balance Sheet	Pasive	Datorii pe termen scurt	Datorii către bugetele de stat		431	4316	Contribuția de asigurări sociale de sănătate	431	Asigurări sociale	ACCOUNT_LEAF	Credit	+	TRUE		
1010	Balance Sheet	Pasive	Datorii pe termen scurt	Datorii către bugetele de stat			436	Contribuția asiguratorie pentru muncă		Datorii către bugetele de stat	ACCOUNT_LEAF	Credit	+	TRUE		
1020	Balance Sheet	Pasive	Datorii pe termen scurt	Datorii către bugetele de stat			437	Ajutor de șomaj		Datorii către bugetele de stat	ACCOUNT_GROUP	Credit	+	FALSE		
1030	Balance Sheet	Pasive	Datorii pe termen scurt	Datorii către bugetele de stat		437	4371	Contribuția unității la fondul de șomaj	437	Ajutor de șomaj	ACCOUNT_LEAF	Credit	+	TRUE		
1040	Balance Sheet	Pasive	Datorii pe termen scurt	Datorii către bugetele de stat		437	4372	Contribuția personalului la fondul de șomaj	437	Ajutor de șomaj	ACCOUNT_LEAF	Credit	+	TRUE		
1050	Balance Sheet	Pasive	Datorii pe termen scurt	Datorii către bugetele de stat		437	4373	Fond garantare creanțe comerciale	437	Ajutor de șomaj	ACCOUNT_LEAF	Credit	+	TRUE		
1060	Balance Sheet	Pasive	Datorii pe termen scurt	Datorii către bugetele de stat			438	Alte datorii și creanțe sociale		Datorii către bugetele de stat	ACCOUNT_GROUP	Credit	+	FALSE		
1070	Balance Sheet	Pasive	Datorii pe termen scurt	Datorii către bugetele de stat		438	4382	Alte creanțe sociale	438	Alte datorii și creanțe sociale	ACCOUNT_LEAF	Debit	-	TRUE		Creanță socială; dacă se afișează în pasive, se scade
1080	Balance Sheet	Pasive	Datorii pe termen scurt	Datorii către bugetele de stat			441	Impozitul pe profit / venit		Datorii către bugetele de stat	ACCOUNT_GROUP	Credit	+	FALSE		
1090	Balance Sheet	Pasive	Datorii pe termen scurt	Datorii către bugetele de stat		441	4411	Impozitul pe profit	441	Impozitul pe profit / venit	ACCOUNT_LEAF	Credit	+	TRUE		
1100	Balance Sheet	Pasive	Datorii pe termen scurt	Datorii către bugetele de stat			442	Taxa pe valoarea adăugată		Datorii către bugetele de stat	ACCOUNT_GROUP	Mixt	+/-	FALSE		Cont mixt TVA; clasificarea depinde de sold
1110	Balance Sheet	Pasive	Datorii pe termen scurt	Datorii către bugetele de stat		442	4423	TVA de plată	442	Taxa pe valoarea adăugată	ACCOUNT_LEAF	Credit	+	TRUE		Datorie fiscală
1120	Balance Sheet	Pasive	Datorii pe termen scurt	Datorii către bugetele de stat		442	4424	TVA de recuperat	442	Taxa pe valoarea adăugată	ACCOUNT_LEAF	Debit	-	TRUE		Creanță fiscală; dacă se afișează în pasive, se scade
1130	Balance Sheet	Pasive	Datorii pe termen scurt	Datorii către bugetele de stat		442	4426	TVA deductibilă	442	Taxa pe valoarea adăugată	ACCOUNT_LEAF	Debit	-	TRUE		Creanță fiscală / cont intermediar TVA
1140	Balance Sheet	Pasive	Datorii pe termen scurt	Datorii către bugetele de stat		442	4427	TVA colectată	442	Taxa pe valoarea adăugată	ACCOUNT_LEAF	Credit	+	TRUE		Datorie fiscală / cont intermediar TVA
1150	Balance Sheet	Pasive	Datorii pe termen scurt	Datorii către bugetele de stat		442	4428	TVA neexigibilă	442	Taxa pe valoarea adăugată	ACCOUNT_LEAF	Mixt	+/-	TRUE		Poate avea tratament diferit în funcție de sold și analitic
1160	Balance Sheet	Pasive	Datorii pe termen scurt	Datorii către bugetele de stat			444	Impozitul pe veniturile de natura salariilor		Datorii către bugetele de stat	ACCOUNT_LEAF	Credit	+	TRUE		
1170	Balance Sheet	Pasive	Datorii pe termen scurt	Datorii către bugetele de stat			446	Alte impozite, taxe și vărsăminte asimilate		Datorii către bugetele de stat	ACCOUNT_LEAF	Credit	+	TRUE		
1180	Balance Sheet	Pasive	Datorii pe termen scurt	Datorii către bugetele de stat			447	Fonduri speciale - taxe și vărsăminte asimilate		Datorii către bugetele de stat	ACCOUNT_LEAF	Credit	+	TRUE		
1190	Balance Sheet	Pasive	Datorii pe termen scurt	Datorii către bugetele de stat			448	Alte datorii și creanțe cu bugetul statului		Datorii către bugetele de stat	ACCOUNT_GROUP	Credit	+	FALSE		
1200	Balance Sheet	Pasive	Datorii pe termen scurt	Datorii către bugetele de stat		448	4481	Alte datorii față de bugetul statului	448	Alte datorii și creanțe cu bugetul statului	ACCOUNT_LEAF	Credit	+	TRUE		
1210	Balance Sheet	Pasive	Datorii pe termen scurt	Datorii către bugetele de stat		448	4482	Alte creanțe privind bugetul statului	448	Alte datorii și creanțe cu bugetul statului	ACCOUNT_LEAF	Debit	-	TRUE		Creanță fiscală; dacă se afișează în pasive, se scade
1220	Balance Sheet	Pasive	Datorii pe termen scurt	Datorii comerciale curente către furnizori / clienți							REPORT_GROUP	Credit	+	FALSE		
1230	Balance Sheet	Pasive	Datorii pe termen scurt	Datorii comerciale curente către furnizori / clienți			401	Furnizori		Datorii comerciale curente către furnizori / clienți	ACCOUNT_LEAF	Credit	+	TRUE		
1240	Balance Sheet	Pasive	Datorii pe termen scurt	Datorii comerciale curente către furnizori / clienți			403	Efecte de plătit		Datorii comerciale curente către furnizori / clienți	ACCOUNT_LEAF	Credit	+	TRUE		
1250	Balance Sheet	Pasive	Datorii pe termen scurt	Datorii comerciale curente către furnizori / clienți			404	Furnizori de imobilizări		Datorii comerciale curente către furnizori / clienți	ACCOUNT_LEAF	Credit	+	TRUE		
1260	Balance Sheet	Pasive	Datorii pe termen scurt	Datorii comerciale curente către furnizori / clienți			408	Furnizori - facturi nesosite		Datorii comerciale curente către furnizori / clienți	ACCOUNT_LEAF	Credit	+	TRUE		
1270	Balance Sheet	Pasive	Datorii pe termen scurt	Datorii comerciale curente către furnizori / clienți			419	Clienți - creditori		Datorii comerciale curente către furnizori / clienți	ACCOUNT_LEAF	Credit	+	TRUE		
1280	Balance Sheet	Pasive	Datorii pe termen scurt	Datorii comerciale curente către furnizori / clienți			462	Creditori diverși		Datorii comerciale curente către furnizori / clienți	ACCOUNT_LEAF	Credit	+	TRUE		
1290	Balance Sheet	Pasive	Datorii pe termen scurt	Datorii comerciale curente către furnizori / clienți			473	Decontări din operațiuni în curs de clarificare		Datorii comerciale curente către furnizori / clienți	ACCOUNT_LEAF	Credit	+	TRUE		
1300	Balance Sheet	Pasive	Datorii pe termen lung								REPORT_GROUP	Credit	+	FALSE		
1310	Balance Sheet	Pasive	Datorii pe termen lung	Datorii financiare pe termen lung							REPORT_GROUP	Credit	+	FALSE		
1320	Balance Sheet	Pasive	Datorii pe termen lung	Datorii financiare pe termen lung			162	Credite bancare pe termen lung		Credite bancare pe termen lung	ACCOUNT_GROUP	Credit	+	FALSE		
1330	Balance Sheet	Pasive	Datorii pe termen lung	Datorii financiare pe termen lung		162	1621	Credite bancare pe termen lung	162	Credite bancare pe termen lung	ACCOUNT_LEAF	Credit	+	TRUE		
1340	Balance Sheet	Pasive	Datorii pe termen lung	Datorii financiare pe termen lung			167	Alte împrumuturi și datorii asimilate		Datorii financiare pe termen lung	ACCOUNT_LEAF	Credit	+	TRUE		
1350	Balance Sheet	Pasive	Datorii pe termen lung	Provizioane							REPORT_GROUP	Credit	+	FALSE		
1360	Balance Sheet	Pasive	Datorii pe termen lung	Provizioane			151	Provizioane		Provizioane	ACCOUNT_GROUP	Credit	+	FALSE		
1370	Balance Sheet	Pasive	Datorii pe termen lung	Provizioane		151	1511	Provizioane pentru litigii	151	Provizioane	ACCOUNT_LEAF	Credit	+	TRUE		
1380	Balance Sheet	Pasive	Datorii pe termen lung	Provizioane		151	1512	Provizioane pentru garanții acordate clienților	151	Provizioane	ACCOUNT_LEAF	Credit	+	TRUE		
1390	Balance Sheet	Pasive	Datorii pe termen lung	Provizioane		151	1518	Alte provizioane	151	Provizioane	ACCOUNT_LEAF	Credit	+	TRUE		
1400	Balance Sheet	Pasive	Total capital propriu și quasi-capital								REPORT_GROUP	Credit	+	FALSE		
1410	Balance Sheet	Pasive	Total capital propriu și quasi-capital	Quasi-capitaluri	Subvenții						REPORT_GROUP	Credit	+	FALSE		
1420	Balance Sheet	Pasive	Total capital propriu și quasi-capital	Quasi-capitaluri	Subvenții		475	Subvenții pentru investiții		Subvenții	ACCOUNT_GROUP	Credit	+	FALSE		
1430	Balance Sheet	Pasive	Total capital propriu și quasi-capital	Quasi-capitaluri	Subvenții	475	4751	Subvenții guvernamentale pentru investiții	475	Subvenții pentru investiții	ACCOUNT_LEAF	Credit	+	TRUE		
1440	Balance Sheet	Pasive	Total capital propriu și quasi-capital	Capital propriu							REPORT_GROUP	Credit	+	FALSE		
1450	Balance Sheet	Pasive	Total capital propriu și quasi-capital	Capital propriu	Profit sau pierdere		121	Profit sau pierdere		Profit sau pierdere	ACCOUNT_LEAF	Mixt	+/-	TRUE		Sold creditor = profit; sold debitor = pierdere
1460	Balance Sheet	Pasive	Total capital propriu și quasi-capital	Capital propriu	Rezerve		106	Rezerve		Rezerve	ACCOUNT_GROUP	Credit	+	FALSE		
1470	Balance Sheet	Pasive	Total capital propriu și quasi-capital	Capital propriu		106	1061	Rezerve legale	106	Rezerve	ACCOUNT_LEAF	Credit	+	TRUE		
1480	Balance Sheet	Pasive	Total capital propriu și quasi-capital	Capital propriu		106	1065	Rezerve reprezentând surplusul realizat din rezerve din reevaluare	106	Rezerve	ACCOUNT_LEAF	Credit	+	TRUE		
1490	Balance Sheet	Pasive	Total capital propriu și quasi-capital	Capital propriu		106	1068	Alte rezerve	106	Rezerve	ACCOUNT_LEAF	Credit	+	TRUE		
1500	Balance Sheet	Pasive	Total capital propriu și quasi-capital	Capital propriu	Rezultatul reportat		117	Rezultatul reportat		Rezultatul reportat	ACCOUNT_GROUP	Mixt	+/-	FALSE		Poate fi profit nerepartizat sau pierdere neacoperită
1510	Balance Sheet	Pasive	Total capital propriu și quasi-capital	Capital propriu		117	1171	Rezultatul reportat reprezentând profitul nerepartizat sau pierderea neacoperită	117	Rezultatul reportat	ACCOUNT_LEAF	Mixt	+/-	TRUE		
1520	Balance Sheet	Pasive	Total capital propriu și quasi-capital	Capital propriu		117	1174	Rezultatul reportat provenit din corectarea erorilor contabile	117	Rezultatul reportat	ACCOUNT_LEAF	Mixt	+/-	TRUE		
1530	Balance Sheet	Pasive	Total capital propriu și quasi-capital	Capital propriu		117	1175	Rezultatul reportat reprezentând surplusul realizat din rezerve din reevaluare	117	Rezultatul reportat	ACCOUNT_LEAF	Credit	+	TRUE		
1540	Balance Sheet	Pasive	Total capital propriu și quasi-capital	Capital propriu	Rezerve din reevaluare		105	Rezerve din reevaluare		Rezerve din reevaluare	ACCOUNT_LEAF	Credit	+	TRUE		
1550	Balance Sheet	Pasive	Total capital propriu și quasi-capital	Capital propriu	Capital social subscris		101	Capital social		Capital social subscris	ACCOUNT_GROUP	Credit	+	FALSE		
1560	Balance Sheet	Pasive	Total capital propriu și quasi-capital	Capital propriu		101	1012	Capital subscris vărsat	101	Capital social	ACCOUNT_LEAF	Credit	+	TRUE		
1570	Balance Sheet	Pasive	Total datorii și capitaluri								CALCULATED		calculated	FALSE	Datorii pe termen scurt + datorii pe termen lung + capital propriu și quasi-capital	
1580	Profit & Loss	Venituri	Venituri operaționale recurente								REPORT_GROUP	Credit	+	FALSE		
1590	Profit & Loss	Venituri	Venituri operaționale recurente	Vânzări totale							REPORT_GROUP	Credit	+	FALSE		
1600	Profit & Loss	Venituri	Venituri operaționale recurente	Vânzări totale	Vânzări de bunuri						REPORT_GROUP	Credit	+	FALSE		
1610	Profit & Loss	Venituri	Venituri operaționale recurente	Vânzări totale	Vânzări de bunuri		701	Venituri din vânzarea produselor finite, produselor agricole și activelor biologice de natura stocurilor		Vânzări de bunuri	ACCOUNT_LEAF	Credit	+	TRUE		Cont sintetic folosit în maparea propusă; se poate detalia pe analitice 7015/7017/7018 dacă apar în balanță
1620	Profit & Loss	Venituri	Venituri operaționale recurente	Vânzări totale	Vânzări de bunuri		703	Venituri din vânzarea produselor reziduale		Vânzări de bunuri	ACCOUNT_LEAF	Credit	+	TRUE		
1630	Profit & Loss	Venituri	Venituri operaționale recurente	Vânzări totale	Vânzări de servicii		704	Venituri din servicii prestate		Vânzări de servicii	ACCOUNT_LEAF	Credit	+	TRUE		
1640	Profit & Loss	Venituri	Venituri operaționale recurente	Vânzări totale	Venituri din redevențe, locații de gestiune și chirii		706	Venituri din redevențe, locații de gestiune și chirii		Venituri din redevențe, locații de gestiune și chirii	ACCOUNT_LEAF	Credit	+	TRUE		
1650	Profit & Loss	Venituri	Venituri operaționale recurente	Vânzări totale	Vânzări de mărfuri		707	Venituri din vânzarea mărfurilor		Vânzări de mărfuri	ACCOUNT_LEAF	Credit	+	TRUE		
1660	Profit & Loss	Venituri	Venituri operaționale recurente	Vânzări totale	Venituri din activități diverse		708	Venituri din activități diverse		Venituri din activități diverse	ACCOUNT_LEAF	Credit	+	TRUE		
1670	Profit & Loss	Venituri	Venituri operaționale recurente	Variația stocurilor							REPORT_GROUP	Credit	+	FALSE		
1680	Profit & Loss	Venituri	Venituri operaționale recurente	Variația stocurilor			711	Venituri aferente costurilor producției în curs de execuție		Variația stocurilor	ACCOUNT_LEAF	Credit	+	TRUE		
1690	Profit & Loss	Venituri	Venituri operaționale recurente	Variația stocurilor			712	Venituri aferente costurilor serviciilor în curs de execuție		Variația stocurilor	ACCOUNT_LEAF	Credit	+	TRUE		
1700	Profit & Loss	Venituri	Venituri operaționale recurente	Reduceri comerciale primite			609	Reduceri comerciale primite		Venituri operaționale recurente	ACCOUNT_LEAF	Credit/contra-cheltuială	+	TRUE		Cont de clasa 6; în raportare poate crește rezultatul prin reducerea costurilor. A fost inclus în zona indicată în imagini/maparea anterioară.
1710	Profit & Loss	Cheltuieli	Cheltuieli operaționale recurente								REPORT_GROUP	Debit	-	FALSE		
1720	Profit & Loss	Cheltuieli	Cheltuieli operaționale recurente	Costul bunurilor vândute (COGS)							REPORT_GROUP	Debit	-	FALSE		
1730	Profit & Loss	Cheltuieli	Cheltuieli operaționale recurente	Costul bunurilor vândute (COGS)	Cheltuieli cu materii prime și materiale						REPORT_GROUP	Debit	-	FALSE		
1740	Profit & Loss	Cheltuieli	Cheltuieli operaționale recurente	Costul bunurilor vândute (COGS)	Cheltuieli cu materii prime și materiale		601	Cheltuieli cu materiile prime		Cheltuieli cu materii prime și materiale	ACCOUNT_LEAF	Debit	-	TRUE		
1750	Profit & Loss	Cheltuieli	Cheltuieli operaționale recurente	Costul bunurilor vândute (COGS)	Cheltuieli cu materii prime și materiale		602	Cheltuieli cu materialele consumabile		Cheltuieli cu materii prime și materiale	ACCOUNT_GROUP	Debit	-	FALSE		
1760	Profit & Loss	Cheltuieli	Cheltuieli operaționale recurente	Costul bunurilor vândute (COGS)	Cheltuieli cu materialele consumabile	602	6021	Cheltuieli cu materialele auxiliare	602	Cheltuieli cu materialele consumabile	ACCOUNT_LEAF	Debit	-	TRUE		
1770	Profit & Loss	Cheltuieli	Cheltuieli operaționale recurente	Costul bunurilor vândute (COGS)	Cheltuieli cu materialele consumabile	602	6022	Cheltuieli privind combustibilii	602	Cheltuieli cu materialele consumabile	ACCOUNT_LEAF	Debit	-	TRUE		
1780	Profit & Loss	Cheltuieli	Cheltuieli operaționale recurente	Costul bunurilor vândute (COGS)	Cheltuieli cu materialele consumabile	602	6024	Cheltuieli privind piesele de schimb	602	Cheltuieli cu materialele consumabile	ACCOUNT_LEAF	Debit	-	TRUE		
1790	Profit & Loss	Cheltuieli	Cheltuieli operaționale recurente	Costul bunurilor vândute (COGS)	Cheltuieli cu materialele consumabile	602	6028	Cheltuieli privind alte materiale consumabile	602	Cheltuieli cu materialele consumabile	ACCOUNT_LEAF	Debit	-	TRUE		
1800	Profit & Loss	Cheltuieli	Cheltuieli operaționale recurente	Costul bunurilor vândute (COGS)	Cheltuieli cu materii prime și materiale		603	Cheltuieli privind materialele de natura obiectelor de inventar		Cheltuieli cu materii prime și materiale	ACCOUNT_LEAF	Debit	-	TRUE		
1810	Profit & Loss	Cheltuieli	Cheltuieli operaționale recurente	Costul bunurilor vândute (COGS)	Cheltuieli cu materii prime și materiale		604	Cheltuieli privind materialele nestocate		Cheltuieli cu materii prime și materiale	ACCOUNT_LEAF	Debit	-	TRUE		
1820	Profit & Loss	Cheltuieli	Cheltuieli operaționale recurente	Costul bunurilor vândute (COGS)	Costul bunurilor vândute (COGS)		607	Cheltuieli privind mărfurile		Costul bunurilor vândute (COGS)	ACCOUNT_LEAF	Debit	-	TRUE		
1830	Profit & Loss	Cheltuieli	Cheltuieli operaționale recurente	Costul bunurilor vândute (COGS)	Costul bunurilor vândute (COGS)		709	Reduceri comerciale acordate		Costul bunurilor vândute (COGS)	ACCOUNT_LEAF	Debit/contra-venit	-	TRUE		Cont de clasa 7; contra-venit. În maparea din imagini este afișat în zona COGS/reduceri acordate.
1835	Profit & Loss	Indicatori	Rezultat operațional brut (Gross result)								CALCULATED	Credit	calculated	FALSE	Venituri operaționale recurente - Costul bunurilor vândute (COGS)	Câmp calculat observat în P&L; înainte de OPEX
1836	Profit & Loss	Indicatori	% Marja operațională brută								CALCULATED	Credit	calculated	FALSE	Rezultat operațional brut (Gross result) / Venituri operaționale recurente	Indicator procentual calculat observat în P&L
1840	Profit & Loss	Cheltuieli	Cheltuieli operaționale fixe (OPEX)								REPORT_GROUP	Debit	-	FALSE		
1850	Profit & Loss	Cheltuieli	Cheltuieli operaționale fixe (OPEX)	Cheltuieli administrative generale							REPORT_GROUP	Debit	-	FALSE		
1860	Profit & Loss	Cheltuieli	Cheltuieli operaționale fixe (OPEX)	Cheltuieli administrative generale			622	Cheltuieli privind comisioanele și onorariile		Cheltuieli administrative generale	ACCOUNT_LEAF	Debit	-	TRUE		
1870	Profit & Loss	Cheltuieli	Cheltuieli operaționale fixe (OPEX)	Cheltuieli administrative generale			605	Cheltuieli privind energia și apa		Cheltuieli administrative generale	ACCOUNT_LEAF	Debit	-	TRUE		
1880	Profit & Loss	Cheltuieli	Cheltuieli operaționale fixe (OPEX)	Cheltuieli administrative generale			623	Cheltuieli de protocol, reclamă și publicitate		Cheltuieli administrative generale	ACCOUNT_LEAF	Debit	-	TRUE		
1890	Profit & Loss	Cheltuieli	Cheltuieli operaționale fixe (OPEX)	Cheltuieli administrative generale			621	Cheltuieli cu colaboratorii		Cheltuieli administrative generale	ACCOUNT_LEAF	Debit	-	TRUE		
1900	Profit & Loss	Cheltuieli	Cheltuieli operaționale fixe (OPEX)	Cheltuieli administrative generale			613	Cheltuieli cu primele de asigurare		Cheltuieli administrative generale	ACCOUNT_LEAF	Debit	-	TRUE		
1910	Profit & Loss	Cheltuieli	Cheltuieli operaționale fixe (OPEX)	Cheltuieli administrative generale			611	Cheltuieli cu întreținerea și reparațiile		Cheltuieli administrative generale	ACCOUNT_LEAF	Debit	-	TRUE		
1920	Profit & Loss	Cheltuieli	Cheltuieli operaționale fixe (OPEX)	Cheltuieli administrative generale			635	Cheltuieli cu alte impozite, taxe și vărsăminte asimilate		Cheltuieli administrative generale	ACCOUNT_LEAF	Debit	-	TRUE		
1930	Profit & Loss	Cheltuieli	Cheltuieli operaționale fixe (OPEX)	Cheltuieli administrative generale			626	Cheltuieli poștale și taxe de telecomunicații		Cheltuieli administrative generale	ACCOUNT_LEAF	Debit	-	TRUE		
1940	Profit & Loss	Cheltuieli	Cheltuieli operaționale fixe (OPEX)	Cheltuieli administrative generale			612	Cheltuieli cu redevențele, locațiile de gestiune și chiriile		Cheltuieli administrative generale	ACCOUNT_LEAF	Debit	-	TRUE		
1950	Profit & Loss	Cheltuieli	Cheltuieli operaționale fixe (OPEX)	Cheltuieli administrative generale			624	Cheltuieli cu transportul de bunuri și personal		Cheltuieli administrative generale	ACCOUNT_LEAF	Debit	-	TRUE		
1960	Profit & Loss	Cheltuieli	Cheltuieli operaționale fixe (OPEX)	Cheltuieli administrative generale			625	Cheltuieli cu deplasări, detașări și transferări		Cheltuieli administrative generale	ACCOUNT_LEAF	Debit	-	TRUE		
1970	Profit & Loss	Cheltuieli	Cheltuieli operaționale fixe (OPEX)	Cheltuieli administrative generale			627	Cheltuieli cu serviciile bancare și asimilate		Cheltuieli administrative generale	ACCOUNT_LEAF	Debit	-	TRUE		
1980	Profit & Loss	Cheltuieli	Cheltuieli operaționale fixe (OPEX)	Cheltuieli administrative generale			628	Alte cheltuieli cu serviciile executate de terți		Cheltuieli administrative generale	ACCOUNT_LEAF	Debit	-	TRUE		
1990	Profit & Loss	Cheltuieli	Cheltuieli operaționale fixe (OPEX)	Cheltuieli salariale totale							REPORT_GROUP	Debit	-	FALSE		
2000	Profit & Loss	Cheltuieli	Cheltuieli operaționale fixe (OPEX)	Cheltuieli salariale totale			646	Cheltuieli privind contribuția asiguratorie pentru muncă		Cheltuieli salariale totale	ACCOUNT_LEAF	Debit	-	TRUE		
2010	Profit & Loss	Cheltuieli	Cheltuieli operaționale fixe (OPEX)	Cheltuieli salariale totale			642	Cheltuieli cu avantajele în natură și tichetele acordate salariaților		Cheltuieli salariale totale	ACCOUNT_LEAF	Debit	-	TRUE		
2020	Profit & Loss	Cheltuieli	Cheltuieli operaționale fixe (OPEX)	Cheltuieli salariale totale			641	Cheltuieli cu salariile personalului		Cheltuieli salariale totale	ACCOUNT_LEAF	Debit	-	TRUE		
2030	Profit & Loss	Cheltuieli	Cheltuieli operaționale fixe (OPEX)	Cheltuieli salariale totale			645	Cheltuieli privind asigurările și protecția socială		Cheltuieli salariale totale	ACCOUNT_LEAF	Debit	-	TRUE		
2040	Profit & Loss	Indicatori	Rezultat operațional din activitate recurentă								CALCULATED		calculated	FALSE	Venituri operaționale recurente - cheltuieli operaționale recurente	
2045	Profit & Loss	Indicatori	% Marja operațională din activitatea recurentă								CALCULATED	Credit	calculated	FALSE	Rezultat operațional din activitate recurentă / Venituri operaționale recurente	Indicator procentual calculat observat în P&L
2050	Profit & Loss	Venituri	Venituri operaționale nerecurente								REPORT_GROUP	Credit	+	FALSE		
2060	Profit & Loss	Venituri	Venituri operaționale nerecurente				758	Alte venituri din exploatare		Venituri operaționale nerecurente	ACCOUNT_LEAF	Credit	+	TRUE		
2070	Profit & Loss	Cheltuieli	Cheltuieli operaționale nerecurente								REPORT_GROUP	Debit	-	FALSE		
2080	Profit & Loss	Cheltuieli	Cheltuieli operaționale nerecurente				654	Pierderi din creanțe și debitori diverși		Cheltuieli operaționale nerecurente	ACCOUNT_LEAF	Debit	-	TRUE		Poate acoperi pierderi din creanțe reactivate și debitori diverși
2090	Profit & Loss	Cheltuieli	Cheltuieli operaționale nerecurente				658	Alte cheltuieli de exploatare		Cheltuieli operaționale nerecurente	ACCOUNT_LEAF	Debit	-	TRUE		
2100	Profit & Loss	Indicatori	Rezultat operațional din activitate nerecurentă								CALCULATED		calculated	FALSE	Venituri operaționale nerecurente - cheltuieli operaționale nerecurente	
2110	Profit & Loss	Indicatori	EBITDA - Rezultat operațional înainte de amortizare								CALCULATED		calculated	FALSE	Rezultat operațional recurent + rezultat operațional nerecurent, înainte de depreciere și amortizare	
2120	Profit & Loss	Indicatori	% Marja EBITDA								CALCULATED		calculated	FALSE	EBITDA / venituri operaționale relevante	
2130	Profit & Loss	Cheltuieli	Depreciere și amortizare netă								REPORT_GROUP		calculated	FALSE		
2140	Profit & Loss	Cheltuieli	Depreciere și amortizare netă	Cheltuieli cu deprecierea și amortizarea							REPORT_GROUP	Debit	-	FALSE		
2150	Profit & Loss	Cheltuieli	Depreciere și amortizare netă	Cheltuieli cu deprecierea și amortizarea	Cheltuieli de exploatare privind amortizările, provizioanele și ajustările pentru depreciere		681	Cheltuieli de exploatare privind amortizările, provizioanele și ajustările pentru depreciere		Cheltuieli cu deprecierea și amortizarea	ACCOUNT_LEAF	Debit	-	TRUE		
2160	Profit & Loss	Cheltuieli	Depreciere și amortizare netă	Cheltuieli cu deprecierea și amortizarea	Cheltuieli financiare privind amortizările, provizioanele și ajustările pentru depreciere		686	Cheltuieli financiare privind amortizările, provizioanele și ajustările pentru pierdere de valoare		Cheltuieli cu deprecierea și amortizarea	ACCOUNT_LEAF	Debit	-	TRUE		
2170	Profit & Loss	Venituri	Depreciere și amortizare netă	Venituri legate de depreciere și amortizare							REPORT_GROUP	Credit	+	FALSE		
2180	Profit & Loss	Venituri	Depreciere și amortizare netă	Venituri legate de depreciere și amortizare			781	Venituri din provizioane și ajustări pentru depreciere privind activitatea de exploatare		Venituri legate de depreciere și amortizare	ACCOUNT_LEAF	Credit	+	TRUE		
2190	Profit & Loss	Venituri	Depreciere și amortizare netă	Venituri legate de depreciere și amortizare			786	Venituri financiare din amortizări și ajustări pentru pierdere de valoare		Venituri legate de depreciere și amortizare	ACCOUNT_LEAF	Credit	+	TRUE		
2200	Profit & Loss	Indicatori	EBIT - Rezultat operațional								CALCULATED		calculated	FALSE	EBITDA - cheltuieli cu deprecierea și amortizarea + venituri legate de depreciere și amortizare	
2210	Profit & Loss	Indicatori	% Marja EBIT								CALCULATED		calculated	FALSE	EBIT / venituri operaționale relevante	
2220	Profit & Loss	Venituri	Venituri financiare								REPORT_GROUP	Credit	+	FALSE		
2230	Profit & Loss	Venituri	Venituri financiare	Venituri din diferențe de curs valutar (FX)							REPORT_GROUP	Credit	+	FALSE		
2240	Profit & Loss	Venituri	Venituri financiare	Venituri din diferențe de curs valutar (FX)	Alte venituri FX		765.01	Venituri FX aferente evaluării datoriilor comerciale și a altor datorii	765	Venituri din diferențe de curs valutar	INTERNAL_ANALYTIC	Credit	+	TRUE		Analitic intern de raportare pentru Finguard, derivat din 765
2250	Profit & Loss	Venituri	Venituri financiare	Venituri din diferențe de curs valutar (FX)	Alte venituri FX		765.02	Venituri FX încasate, cu impact în numerar	765	Venituri din diferențe de curs valutar	INTERNAL_ANALYTIC	Credit	+	TRUE		Analitic intern de raportare pentru Finguard, derivat din 765
2260	Profit & Loss	Venituri	Venituri financiare	Venituri din diferențe de curs valutar (FX)	Alte venituri FX		765.03	Venituri FX aferente evaluării creanțelor	765	Venituri din diferențe de curs valutar	INTERNAL_ANALYTIC	Credit	+	TRUE		Analitic intern de raportare pentru Finguard, derivat din 765
2270	Profit & Loss	Venituri	Venituri financiare	Venituri din diferențe de curs valutar (FX)	Alte venituri FX		765.04	Venituri FX aferente evaluării datoriilor financiare pe termen scurt	765	Venituri din diferențe de curs valutar	INTERNAL_ANALYTIC	Credit	+	TRUE		Analitic intern de raportare pentru Finguard, derivat din 765
2280	Profit & Loss	Venituri	Venituri financiare	Venituri din diferențe de curs valutar (FX)	765movcredit		765movcredit	Nod tehnic pentru rulaj creditor FX		Venituri din diferențe de curs valutar (FX)	INTERNAL_GROUP	Credit	+	FALSE		Nod tehnic din imagine; nu este cont contabil standard
2290	Profit & Loss	Venituri	Venituri financiare	Venituri din diferențe de curs valutar (FX)	765movcredit		765	Venituri din diferențe de curs valutar	765movcredit	Nod tehnic pentru rulaj creditor FX	ACCOUNT_LEAF	Credit	+	TRUE		
2300	Profit & Loss	Venituri	Venituri financiare	Venituri din reduceri financiare obținute			767	Venituri din reduceri financiare / sconturi obținute		Venituri financiare	ACCOUNT_LEAF	Credit	+	TRUE		
2310	Profit & Loss	Venituri	Venituri financiare	Venituri din dobânzi			766	Venituri din dobânzi		Venituri financiare	ACCOUNT_LEAF	Credit	+	TRUE		
2320	Profit & Loss	Cheltuieli	Cheltuieli financiare								REPORT_GROUP	Debit	-	FALSE		
2330	Profit & Loss	Cheltuieli	Cheltuieli financiare	Cheltuieli din diferențe de curs valutar (FX)							REPORT_GROUP	Debit	-	FALSE		
2340	Profit & Loss	Cheltuieli	Cheltuieli financiare	Cheltuieli din diferențe de curs valutar (FX)	Alte cheltuieli FX		665.01	Cheltuieli FX aferente evaluării datoriilor financiare pe termen lung	665	Cheltuieli din diferențe de curs valutar	INTERNAL_ANALYTIC	Debit	-	TRUE		Analitic intern de raportare pentru Finguard, derivat din 665
2350	Profit & Loss	Cheltuieli	Cheltuieli financiare	Cheltuieli din diferențe de curs valutar (FX)	Alte cheltuieli FX		665.02	Cheltuieli FX aferente evaluării datoriilor comerciale și a altor datorii	665	Cheltuieli din diferențe de curs valutar	INTERNAL_ANALYTIC	Debit	-	TRUE		Analitic intern de raportare pentru Finguard, derivat din 665
2360	Profit & Loss	Cheltuieli	Cheltuieli financiare	Cheltuieli din diferențe de curs valutar (FX)	Alte cheltuieli FX		665.03	Cheltuieli FX decontate, cu impact în numerar	665	Cheltuieli din diferențe de curs valutar	INTERNAL_ANALYTIC	Debit	-	TRUE		Analitic intern de raportare pentru Finguard, derivat din 665
2370	Profit & Loss	Cheltuieli	Cheltuieli financiare	Cheltuieli din diferențe de curs valutar (FX)	Alte cheltuieli FX		665.04	Cheltuieli FX aferente evaluării creanțelor	665	Cheltuieli din diferențe de curs valutar	INTERNAL_ANALYTIC	Debit	-	TRUE		Analitic intern de raportare pentru Finguard, derivat din 665
2380	Profit & Loss	Cheltuieli	Cheltuieli financiare	Cheltuieli din diferențe de curs valutar (FX)	Alte cheltuieli FX		665.05	Cheltuieli FX aferente evaluării datoriilor financiare pe termen scurt	665	Cheltuieli din diferențe de curs valutar	INTERNAL_ANALYTIC	Debit	-	TRUE		Analitic intern de raportare pentru Finguard, derivat din 665
2390	Profit & Loss	Cheltuieli	Cheltuieli financiare	Cheltuieli din diferențe de curs valutar (FX)	665movdebit		665movdebit	Nod tehnic pentru rulaj debitor FX		Cheltuieli din diferențe de curs valutar (FX)	INTERNAL_GROUP	Debit	-	FALSE		Nod tehnic din imagine; nu este cont contabil standard
2400	Profit & Loss	Cheltuieli	Cheltuieli financiare	Cheltuieli din diferențe de curs valutar (FX)	665movdebit		665	Cheltuieli din diferențe de curs valutar	665movdebit	Nod tehnic pentru rulaj debitor FX	ACCOUNT_LEAF	Debit	-	TRUE		
2410	Profit & Loss	Cheltuieli	Cheltuieli financiare	Cheltuieli privind sconturile acordate			667	Cheltuieli privind sconturile acordate		Cheltuieli financiare	ACCOUNT_LEAF	Debit	-	TRUE		
2420	Profit & Loss	Cheltuieli	Cheltuieli financiare	Cheltuieli privind dobânzile			666	Cheltuieli privind dobânzile		Cheltuieli financiare	ACCOUNT_LEAF	Debit	-	TRUE		
2430	Profit & Loss	Indicatori	Rezultat financiar								CALCULATED		calculated	FALSE	Venituri financiare - cheltuieli financiare	
2440	Profit & Loss	Indicatori	Profit brut								CALCULATED		calculated	FALSE	EBIT + rezultat financiar	
2450	Profit & Loss	Cheltuieli	Impozit total pe profit / venit								REPORT_GROUP	Debit	-	FALSE		
2460	Profit & Loss	Cheltuieli	Impozit total pe profit / venit				691	Cheltuieli cu impozitul pe profit		Impozit total pe profit / venit	ACCOUNT_LEAF	Debit	-	TRUE		
2470	Profit & Loss	Cheltuieli	Impozit total pe profit / venit				698	Cheltuieli cu impozitul pe venit și cu alte impozite similare		Impozit total pe profit / venit	ACCOUNT_LEAF	Debit	-	TRUE		Folosit doar dacă apare în balanță / regim fiscal aplicabil
2480	Profit & Loss	Indicatori	Profit net								CALCULATED		calculated	FALSE	Profit brut - impozit total pe profit / venit	
2490	Profit & Loss	Indicatori	% Marja profit net								CALCULATED		calculated	FALSE	Profit net / venituri relevante	
3000	Cash Flow	Sold numerar	Sold numerar la început de perioadă								CALCULATED		calculated	FALSE	Sold inițial 5121 + 5124 + 5311 + 5314	
3010	Cash Flow	Sold numerar	Sold numerar la început de perioadă	Conturi la bănci							REPORT_GROUP	Debit	+	FALSE	Sumă rânduri copil	
3020	Cash Flow	Sold numerar	Sold numerar la început de perioadă	Conturi la bănci	Conturi curente la bănci (512)		512	Conturi curente la bănci		Conturi la bănci	ACCOUNT_GROUP	Debit	+	FALSE	Grup pentru 5121 și 5124	
3030	Cash Flow	Sold numerar	Sold numerar la început de perioadă	Conturi la bănci	Conturi curente la bănci (512)		5121	Conturi la bănci în lei	512	Conturi curente la bănci	ACCOUNT_LEAF	Debit	+	TRUE	Sold inițial cont 5121	Pentru Cash Flow, codurile sintetice se pot trata ca prefix pentru toate analiticele aferente.
3040	Cash Flow	Sold numerar	Sold numerar la început de perioadă	Conturi la bănci	Conturi curente la bănci (512)		5124	Conturi la bănci în valută	512	Conturi curente la bănci	ACCOUNT_LEAF	Debit	+	TRUE	Sold inițial cont 5124	Pentru Cash Flow, codurile sintetice se pot trata ca prefix pentru toate analiticele aferente.
3050	Cash Flow	Sold numerar	Sold numerar la început de perioadă	Casa							REPORT_GROUP	Debit	+	FALSE	Sumă rânduri copil	
3060	Cash Flow	Sold numerar	Sold numerar la început de perioadă	Casa	Casa (531)		531	Casa		Casa	ACCOUNT_GROUP	Debit	+	FALSE	Grup pentru 5311 și 5314	
3070	Cash Flow	Sold numerar	Sold numerar la început de perioadă	Casa	Casa (531)		5311	Casa în lei	531	Casa	ACCOUNT_LEAF	Debit	+	TRUE	Sold inițial cont 5311	Pentru Cash Flow, codurile sintetice se pot trata ca prefix pentru toate analiticele aferente.
3080	Cash Flow	Sold numerar	Sold numerar la început de perioadă	Casa	Casa (531)		5314	Casa în valută	531	Casa	ACCOUNT_LEAF	Debit	+	TRUE	Sold inițial cont 5314	Pentru Cash Flow, codurile sintetice se pot trata ca prefix pentru toate analiticele aferente.
3100	Cash Flow	Încasări	Încasări totale								CALCULATED		calculated	FALSE	Total încasări operaționale + financiare + neobișnuite	
3110	Cash Flow	Încasări	Încasări totale	Încasări din Activitatea operațională							REPORT_GROUP	Debit	+	FALSE	Sumă rânduri copil	
3120	Cash Flow	Încasări	Încasări totale	Încasări din Activitatea operațională	Încasări din regularizări salariale						REPORT_GROUP	Debit	+	FALSE	Sumă rânduri copil	
3130	Cash Flow	Încasări	Încasări totale	Încasări din Activitatea operațională	Încasări din regularizări salariale	Încasări din regularizări cu angajații					REPORT_GROUP	Debit	+	FALSE	Sumă rânduri copil	
3140	Cash Flow	Încasări	Încasări totale	Încasări din Activitatea operațională	Încasări din regularizări salariale	Încasări din regularizări cu angajații	425	Încasări din Avansuri acordate personalului			ACCOUNT_LEAF	Debit	+	TRUE	Încasare: rulaj debitor în conturile de numerar cu contrapartidă cont/prefix 425	Pentru Cash Flow, codurile sintetice se pot trata ca prefix pentru toate analiticele aferente.
3150	Cash Flow	Încasări	Încasări totale	Încasări din Activitatea operațională	Încasări din regularizări salariale	Încasări din regularizări cu angajații	428	Încasări din Alte datorii și creanțe în legătură cu personalul			ACCOUNT_LEAF	Debit	+	TRUE	Încasare: rulaj debitor în conturile de numerar cu contrapartidă cont/prefix 428	Pentru Cash Flow, codurile sintetice se pot trata ca prefix pentru toate analiticele aferente.
3160	Cash Flow	Încasări	Încasări totale	Încasări din Activitatea operațională	Încasări din regularizări salariale	Încasări din regularizări cu angajații	438	Încasări din Alte datorii și creanțe sociale			ACCOUNT_LEAF	Debit	+	TRUE	Încasare: rulaj debitor în conturile de numerar cu contrapartidă cont/prefix 438	Pentru Cash Flow, codurile sintetice se pot trata ca prefix pentru toate analiticele aferente.
3170	Cash Flow	Încasări	Încasări totale	Încasări din Activitatea operațională	Încasări din regularizări salariale	Încasări din regularizări cu angajații	427	Încasări din Rețineri din salarii datorate terților			ACCOUNT_LEAF	Debit	+	TRUE	Încasare: rulaj debitor în conturile de numerar cu contrapartidă cont/prefix 427	Pentru Cash Flow, codurile sintetice se pot trata ca prefix pentru toate analiticele aferente.
3180	Cash Flow	Încasări	Încasări totale	Încasări din Activitatea operațională	Încasări din regularizări salariale	Încasări din regularizări contribuții salariale					REPORT_GROUP	Debit	+	FALSE	Sumă rânduri copil	
3190	Cash Flow	Încasări	Încasări totale	Încasări din Activitatea operațională	Încasări din regularizări salariale	Încasări din regularizări contribuții salariale	431	Încasări din Asigurări sociale			ACCOUNT_LEAF	Debit	+	TRUE	Încasare: rulaj debitor în conturile de numerar cu contrapartidă cont/prefix 431	Pentru Cash Flow, codurile sintetice se pot trata ca prefix pentru toate analiticele aferente.
3200	Cash Flow	Încasări	Încasări totale	Încasări din Activitatea operațională	Alte încasări operaționale						REPORT_GROUP	Debit	+	FALSE	Sumă rânduri copil	
3210	Cash Flow	Încasări	Încasări totale	Încasări din Activitatea operațională	Alte încasări operaționale		542	Încasări din Avansuri de trezorerie			ACCOUNT_LEAF	Debit	+	TRUE	Încasare: rulaj debitor în conturile de numerar cu contrapartidă cont/prefix 542	Pentru Cash Flow, codurile sintetice se pot trata ca prefix pentru toate analiticele aferente.
3220	Cash Flow	Încasări	Încasări totale	Încasări din Activitatea operațională	Alte încasări operaționale		706	Încasări din Venituri din redevențe, locații de gestiune și chirii			ACCOUNT_LEAF	Debit	+	TRUE	Încasare: rulaj debitor în conturile de numerar cu contrapartidă cont/prefix 706	Pentru Cash Flow, codurile sintetice se pot trata ca prefix pentru toate analiticele aferente.
3230	Cash Flow	Încasări	Încasări totale	Încasări din Activitatea operațională	Alte încasări operaționale		473	Încasări din Decontări din operațiuni în curs de clarificare			ACCOUNT_LEAF	Debit	+	TRUE	Încasare: rulaj debitor în conturile de numerar cu contrapartidă cont/prefix 473	Pentru Cash Flow, codurile sintetice se pot trata ca prefix pentru toate analiticele aferente.
3240	Cash Flow	Încasări	Încasări totale	Încasări din Activitatea operațională	Încasări din Vânzări nete (fără discounturi)						REPORT_GROUP	Debit	+	FALSE	Sumă rânduri copil	
3250	Cash Flow	Încasări	Încasări totale	Încasări din Activitatea operațională	Încasări din Vânzări nete (fără discounturi)		419	Încasări avansuri (Clienți - creditori)			ACCOUNT_LEAF	Debit	+	TRUE	Încasare: rulaj debitor în conturile de numerar cu contrapartidă cont/prefix 419	Pentru Cash Flow, codurile sintetice se pot trata ca prefix pentru toate analiticele aferente.
3260	Cash Flow	Încasări	Încasări totale	Încasări din Activitatea operațională	Încasări din Vânzări nete (fără discounturi)		411	Încasări din Clienți			ACCOUNT_LEAF	Debit	+	TRUE	Încasare: rulaj debitor în conturile de numerar cu contrapartidă cont/prefix 411	Pentru Cash Flow, codurile sintetice se pot trata ca prefix pentru toate analiticele aferente.
3270	Cash Flow	Încasări	Încasări totale	Încasări din Activitatea operațională	Încasări din Vânzări nete (fără discounturi)		267	Încasări din Creanțe imobilizate			ACCOUNT_LEAF	Debit	+	TRUE	Încasare: rulaj debitor în conturile de numerar cu contrapartidă cont/prefix 267	Pentru Cash Flow, codurile sintetice se pot trata ca prefix pentru toate analiticele aferente.
3280	Cash Flow	Încasări	Încasări totale	Încasări din Activitatea operațională	Încasări din regularizări cu furnizorii						REPORT_GROUP	Debit	+	FALSE	Sumă rânduri copil	
3290	Cash Flow	Încasări	Încasări totale	Încasări din Activitatea operațională	Încasări din regularizări cu furnizorii		462	Încasări din Creditori diverși			ACCOUNT_LEAF	Debit	+	TRUE	Încasare: rulaj debitor în conturile de numerar cu contrapartidă cont/prefix 462	Pentru Cash Flow, codurile sintetice se pot trata ca prefix pentru toate analiticele aferente.
3300	Cash Flow	Încasări	Încasări totale	Încasări din Activitatea operațională	Încasări din regularizări cu furnizorii		401	Încasări din Furnizori			ACCOUNT_LEAF	Debit	+	TRUE	Încasare: rulaj debitor în conturile de numerar cu contrapartidă cont/prefix 401	Pentru Cash Flow, codurile sintetice se pot trata ca prefix pentru toate analiticele aferente.
3310	Cash Flow	Încasări	Încasări totale	Încasări din Activitatea operațională	Încasări din regularizări cu furnizorii		409	Încasări din Furnizori - debitori			ACCOUNT_LEAF	Debit	+	TRUE	Încasare: rulaj debitor în conturile de numerar cu contrapartidă cont/prefix 409	Pentru Cash Flow, codurile sintetice se pot trata ca prefix pentru toate analiticele aferente.
3320	Cash Flow	Încasări	Încasări totale	Încasări din Activitatea operațională	Încasări din regularizări cu furnizorii		408	Încasări din Furnizori - facturi nesosite			ACCOUNT_LEAF	Debit	+	TRUE	Încasare: rulaj debitor în conturile de numerar cu contrapartidă cont/prefix 408	Pentru Cash Flow, codurile sintetice se pot trata ca prefix pentru toate analiticele aferente.
3330	Cash Flow	Încasări	Încasări totale	Încasări din Activitatea financiară							REPORT_GROUP	Debit	+	FALSE	Sumă rânduri copil	
3340	Cash Flow	Încasări	Încasări totale	Încasări din Activitatea financiară	Încasări din Datorii pe termen lung						REPORT_GROUP	Debit	+	FALSE	Sumă rânduri copil	
3350	Cash Flow	Încasări	Încasări totale	Încasări din Activitatea financiară	Încasări din Datorii pe termen lung		162	Încasări din Credite bancare pe termen lung			ACCOUNT_LEAF	Debit	+	TRUE	Încasare: rulaj debitor în conturile de numerar cu contrapartidă cont/prefix 162	Pentru Cash Flow, codurile sintetice se pot trata ca prefix pentru toate analiticele aferente.
3360	Cash Flow	Încasări	Încasări totale	Încasări din Activitatea financiară	Încasări din alte activități de natură financiară						REPORT_GROUP	Debit	+	FALSE	Sumă rânduri copil	
3370	Cash Flow	Încasări	Încasări totale	Încasări din Activitatea financiară	Încasări din alte activități de natură financiară		765	Încasări din Venituri din diferențe de curs valutar			ACCOUNT_LEAF	Debit	+	TRUE	Încasare: rulaj debitor în conturile de numerar cu contrapartidă cont/prefix 765	Pentru Cash Flow, codurile sintetice se pot trata ca prefix pentru toate analiticele aferente.
3380	Cash Flow	Încasări	Încasări totale	Încasări din Activitatea financiară	Încasări din alte activități de natură financiară		766	Încasări din Venituri din dobânzi			ACCOUNT_LEAF	Debit	+	TRUE	Încasare: rulaj debitor în conturile de numerar cu contrapartidă cont/prefix 766	Pentru Cash Flow, codurile sintetice se pot trata ca prefix pentru toate analiticele aferente.
3390	Cash Flow	Încasări	Încasări totale	Încasări din Activitatea financiară	Încasări din alte activități de natură financiară		5081	Încasări din lichidări depozite și alte investiții pe termen scurt			ACCOUNT_LEAF	Debit	+	TRUE	Încasare: rulaj debitor în conturile de numerar cu contrapartidă cont/prefix 5081	Mapare la 508/5081, în funcție de nivelul contului din balanță.
3400	Cash Flow	Încasări	Încasări totale	Încasări din Activitatea financiară	Încasări din atragerea de datorii financiare pe termen scurt						REPORT_GROUP	Debit	+	FALSE	Sumă rânduri copil	
3410	Cash Flow	Încasări	Încasări totale	Încasări din Activitatea financiară	Încasări din atragerea de datorii financiare pe termen scurt		519	Încasări din Credite bancare pe termen scurt			ACCOUNT_LEAF	Debit	+	TRUE	Încasare: rulaj debitor în conturile de numerar cu contrapartidă cont/prefix 519	Pentru Cash Flow, codurile sintetice se pot trata ca prefix pentru toate analiticele aferente.
3420	Cash Flow	Încasări	Încasări totale	Încasări din Activitatea financiară	Încasări din atragerea de datorii financiare pe termen scurt		5081	Încasări din lichidări depozite și alte investiții pe termen scurt			ACCOUNT_LEAF	Debit	+	TRUE	Încasare: rulaj debitor în conturile de numerar cu contrapartidă cont/prefix 5081	Linie prezentă în raport; folosește reguli de segmentare pentru a evita dublarea cu aceeași linie din alte activități financiare.
3430	Cash Flow	Încasări	Încasări totale	Încasări neobișnuite							REPORT_GROUP	Debit	+	FALSE	Sumă rânduri copil	
3440	Cash Flow	Încasări	Încasări totale	Încasări neobișnuite	Încasări nete din Viramente în curs						REPORT_GROUP	Debit	+	FALSE	Sumă rânduri copil	
3450	Cash Flow	Încasări	Încasări totale	Încasări neobișnuite	Încasări nete din Viramente în curs	Viramente interne în curs - valoare netă					CALCULATED		calculated	FALSE	Încasări din viramente interne - plăți pentru viramente interne	
3460	Cash Flow	Încasări	Încasări totale	Încasări neobișnuite	Încasări nete din Viramente în curs	Viramente interne în curs - valoare netă	CF_TRANSFER_OUT	Plăți pentru Viramente interne		Viramente interne în curs - valoare netă	INTERNAL_ANALYTIC	Credit	-	TRUE	Transfer intern între conturi de numerar; se netează contra încasărilor interne	Nu este cont contabil standard; linie tehnică de cash flow.
3470	Cash Flow	Încasări	Încasări totale	Încasări neobișnuite	Încasări nete din Viramente în curs	Viramente interne în curs - valoare netă	CF_TRANSFER_IN	Încasări din Viramente interne		Viramente interne în curs - valoare netă	INTERNAL_ANALYTIC	Debit	+	TRUE	Transfer intern între conturi de numerar; se netează contra plăților interne	Nu este cont contabil standard; linie tehnică de cash flow.
3480	Cash Flow	Încasări	Încasări totale	Încasări neobișnuite	Încasări din scurtături reziduale						REPORT_GROUP	Debit	+	FALSE	Sumă rânduri copil	
3490	Cash Flow	Încasări	Încasări totale	Încasări neobișnuite	Încasări din scurtături reziduale		758	Încasări din Alte venituri din exploatare			ACCOUNT_LEAF	Debit	+	TRUE	Încasare: rulaj debitor în conturile de numerar cu contrapartidă cont/prefix 758	Pentru Cash Flow, codurile sintetice se pot trata ca prefix pentru toate analiticele aferente.
3500	Cash Flow	Plăți	Plăți totale								CALCULATED		calculated	FALSE	Total plăți operaționale + financiare + investiționale + neobișnuite	
3510	Cash Flow	Plăți	Plăți totale	Plăți pentru Activitatea operațională							REPORT_GROUP	Credit	-	FALSE	Sumă rânduri copil	
3520	Cash Flow	Plăți	Plăți totale	Plăți pentru Activitatea operațională	Plăți salariale totale						REPORT_GROUP	Credit	-	FALSE	Sumă rânduri copil	
3530	Cash Flow	Plăți	Plăți totale	Plăți pentru Activitatea operațională	Plăți salariale totale	Plăți nete către angajați					REPORT_GROUP	Credit	-	FALSE	Sumă rânduri copil	
3540	Cash Flow	Plăți	Plăți totale	Plăți pentru Activitatea operațională	Plăți salariale totale	Plăți nete către angajați	425	Plăți pentru Avansuri acordate personalului			ACCOUNT_LEAF	Credit	-	TRUE	Plată: rulaj creditor în conturile de numerar cu contrapartidă cont/prefix 425	Pentru Cash Flow, codurile sintetice se pot trata ca prefix pentru toate analiticele aferente.
3550	Cash Flow	Plăți	Plăți totale	Plăți pentru Activitatea operațională	Plăți salariale totale	Plăți nete către angajați	421	Plăți pentru Personal - salarii datorate			ACCOUNT_LEAF	Credit	-	TRUE	Plată: rulaj creditor în conturile de numerar cu contrapartidă cont/prefix 421	Pentru Cash Flow, codurile sintetice se pot trata ca prefix pentru toate analiticele aferente.
3560	Cash Flow	Plăți	Plăți totale	Plăți pentru Activitatea operațională	Plăți salariale totale	Plăți nete către angajați	428	Plăți pentru Alte datorii și creanțe în legătură cu personalul			ACCOUNT_LEAF	Credit	-	TRUE	Plată: rulaj creditor în conturile de numerar cu contrapartidă cont/prefix 428	Pentru Cash Flow, codurile sintetice se pot trata ca prefix pentru toate analiticele aferente.
3570	Cash Flow	Plăți	Plăți totale	Plăți pentru Activitatea operațională	Plăți salariale totale	Plăți nete către angajați	423	Plăți pentru Personal - ajutoare materiale datorate			ACCOUNT_LEAF	Credit	-	TRUE	Plată: rulaj creditor în conturile de numerar cu contrapartidă cont/prefix 423	Pentru Cash Flow, codurile sintetice se pot trata ca prefix pentru toate analiticele aferente.
3580	Cash Flow	Plăți	Plăți totale	Plăți pentru Activitatea operațională	Plăți salariale totale	Plăți nete către angajați	427	Plăți pentru Rețineri din salarii datorate terților			ACCOUNT_LEAF	Credit	-	TRUE	Plată: rulaj creditor în conturile de numerar cu contrapartidă cont/prefix 427	Pentru Cash Flow, codurile sintetice se pot trata ca prefix pentru toate analiticele aferente.
3590	Cash Flow	Plăți	Plăți totale	Plăți pentru Activitatea operațională	Plăți salariale totale	Plăți taxe salariale către stat					REPORT_GROUP	Credit	-	FALSE	Sumă rânduri copil	
3600	Cash Flow	Plăți	Plăți totale	Plăți pentru Activitatea operațională	Plăți salariale totale	Plăți taxe salariale către stat	431	Plăți pentru Asigurări sociale			ACCOUNT_LEAF	Credit	-	TRUE	Plată: rulaj creditor în conturile de numerar cu contrapartidă cont/prefix 431	Pentru Cash Flow, codurile sintetice se pot trata ca prefix pentru toate analiticele aferente.
3610	Cash Flow	Plăți	Plăți totale	Plăți pentru Activitatea operațională	Plăți salariale totale	Plăți taxe salariale către stat	645	Plăți pentru Cheltuieli privind asigurările și protecția socială			ACCOUNT_LEAF	Credit	-	TRUE	Plată: rulaj creditor în conturile de numerar cu contrapartidă cont/prefix 645	Pentru Cash Flow, codurile sintetice se pot trata ca prefix pentru toate analiticele aferente.
3620	Cash Flow	Plăți	Plăți totale	Plăți pentru Activitatea operațională	Plăți salariale totale	Plăți taxe salariale către stat	444	Plăți pentru Impozitul pe veniturile de natura salariilor			ACCOUNT_LEAF	Credit	-	TRUE	Plată: rulaj creditor în conturile de numerar cu contrapartidă cont/prefix 444	Pentru Cash Flow, codurile sintetice se pot trata ca prefix pentru toate analiticele aferente.
3630	Cash Flow	Plăți	Plăți totale	Plăți pentru Activitatea operațională	Plăți salariale totale	Plăți taxe salariale către stat	437	Plăți pentru Ajutor de șomaj			ACCOUNT_LEAF	Credit	-	TRUE	Plată: rulaj creditor în conturile de numerar cu contrapartidă cont/prefix 437	Pentru Cash Flow, codurile sintetice se pot trata ca prefix pentru toate analiticele aferente.
3640	Cash Flow	Plăți	Plăți totale	Plăți pentru Activitatea operațională	Plăți salariale totale	Plăți taxe salariale către stat	436	Plăți pentru Contribuția asiguratorie pentru muncă			ACCOUNT_LEAF	Credit	-	TRUE	Plată: rulaj creditor în conturile de numerar cu contrapartidă cont/prefix 436	Pentru Cash Flow, codurile sintetice se pot trata ca prefix pentru toate analiticele aferente.
3650	Cash Flow	Plăți	Plăți totale	Plăți pentru Activitatea operațională	Plăți din regularizări cu clienții						REPORT_GROUP	Credit	-	FALSE	Sumă rânduri copil	
3660	Cash Flow	Plăți	Plăți totale	Plăți pentru Activitatea operațională	Plăți din regularizări cu clienții		419	Plăți pentru Clienți - creditori			ACCOUNT_LEAF	Credit	-	TRUE	Plată: rulaj creditor în conturile de numerar cu contrapartidă cont/prefix 419	Pentru Cash Flow, codurile sintetice se pot trata ca prefix pentru toate analiticele aferente.
3670	Cash Flow	Plăți	Plăți totale	Plăți pentru Activitatea operațională	Plăți din regularizări cu clienții		267	Plăți pentru Creanțe imobilizate			ACCOUNT_LEAF	Credit	-	TRUE	Plată: rulaj creditor în conturile de numerar cu contrapartidă cont/prefix 267	Pentru Cash Flow, codurile sintetice se pot trata ca prefix pentru toate analiticele aferente.
3680	Cash Flow	Plăți	Plăți totale	Plăți pentru Activitatea operațională	Alte plăți operaționale						REPORT_GROUP	Credit	-	FALSE	Sumă rânduri copil	
3690	Cash Flow	Plăți	Plăți totale	Plăți pentru Activitatea operațională	Alte plăți operaționale		627	Plăți pentru Cheltuieli cu serviciile bancare și asimilate			ACCOUNT_LEAF	Credit	-	TRUE	Plată: rulaj creditor în conturile de numerar cu contrapartidă cont/prefix 627	Pentru Cash Flow, codurile sintetice se pot trata ca prefix pentru toate analiticele aferente.
3700	Cash Flow	Plăți	Plăți totale	Plăți pentru Activitatea operațională	Alte plăți operaționale		623	Plăți pentru Cheltuieli de protocol, reclamă și publicitate			ACCOUNT_LEAF	Credit	-	TRUE	Plată: rulaj creditor în conturile de numerar cu contrapartidă cont/prefix 623	Pentru Cash Flow, codurile sintetice se pot trata ca prefix pentru toate analiticele aferente.
3710	Cash Flow	Plăți	Plăți totale	Plăți pentru Activitatea operațională	Alte plăți operaționale		613	Plăți pentru Cheltuieli cu primele de asigurare			ACCOUNT_LEAF	Credit	-	TRUE	Plată: rulaj creditor în conturile de numerar cu contrapartidă cont/prefix 613	Pentru Cash Flow, codurile sintetice se pot trata ca prefix pentru toate analiticele aferente.
3720	Cash Flow	Plăți	Plăți totale	Plăți pentru Activitatea operațională	Alte plăți operaționale		604	Plăți pentru Cheltuieli privind materialele nestocate			ACCOUNT_LEAF	Credit	-	TRUE	Plată: rulaj creditor în conturile de numerar cu contrapartidă cont/prefix 604	Pentru Cash Flow, codurile sintetice se pot trata ca prefix pentru toate analiticele aferente.
3730	Cash Flow	Plăți	Plăți totale	Plăți pentru Activitatea operațională	Alte plăți operaționale		635	Plăți pentru Cheltuieli cu alte impozite, taxe și vărsăminte asimilate			ACCOUNT_LEAF	Credit	-	TRUE	Plată: rulaj creditor în conturile de numerar cu contrapartidă cont/prefix 635	Pentru Cash Flow, codurile sintetice se pot trata ca prefix pentru toate analiticele aferente.
3740	Cash Flow	Plăți	Plăți totale	Plăți pentru Activitatea operațională	Alte plăți operaționale		628	Plăți pentru Alte cheltuieli cu serviciile executate de terți			ACCOUNT_LEAF	Credit	-	TRUE	Plată: rulaj creditor în conturile de numerar cu contrapartidă cont/prefix 628	Pentru Cash Flow, codurile sintetice se pot trata ca prefix pentru toate analiticele aferente.
3750	Cash Flow	Plăți	Plăți totale	Plăți pentru Activitatea operațională	Alte plăți operaționale		626	Plăți pentru Cheltuieli poștale și taxe de telecomunicații			ACCOUNT_LEAF	Credit	-	TRUE	Plată: rulaj creditor în conturile de numerar cu contrapartidă cont/prefix 626	Pentru Cash Flow, codurile sintetice se pot trata ca prefix pentru toate analiticele aferente.
3760	Cash Flow	Plăți	Plăți totale	Plăți pentru Activitatea operațională	Alte plăți operaționale		612	Plăți pentru Cheltuieli cu redevențele, locațiile de gestiune și chiriile			ACCOUNT_LEAF	Credit	-	TRUE	Plată: rulaj creditor în conturile de numerar cu contrapartidă cont/prefix 612	Pentru Cash Flow, codurile sintetice se pot trata ca prefix pentru toate analiticele aferente.
3770	Cash Flow	Plăți	Plăți totale	Plăți pentru Activitatea operațională	Alte plăți operaționale		624	Plăți pentru Cheltuieli cu transportul de bunuri și personal			ACCOUNT_LEAF	Credit	-	TRUE	Plată: rulaj creditor în conturile de numerar cu contrapartidă cont/prefix 624	Pentru Cash Flow, codurile sintetice se pot trata ca prefix pentru toate analiticele aferente.
3780	Cash Flow	Plăți	Plăți totale	Plăți pentru Activitatea operațională	Alte plăți operaționale		625	Plăți pentru Cheltuieli cu deplasări, detașări și transferări			ACCOUNT_LEAF	Credit	-	TRUE	Plată: rulaj creditor în conturile de numerar cu contrapartidă cont/prefix 625	Pentru Cash Flow, codurile sintetice se pot trata ca prefix pentru toate analiticele aferente.
3790	Cash Flow	Plăți	Plăți totale	Plăți pentru Activitatea operațională	Plăți către furnizori						REPORT_GROUP	Credit	-	FALSE	Sumă rânduri copil	
3800	Cash Flow	Plăți	Plăți totale	Plăți pentru Activitatea operațională	Plăți către furnizori		403	Plăți pentru Efecte de plătit			ACCOUNT_LEAF	Credit	-	TRUE	Plată: rulaj creditor în conturile de numerar cu contrapartidă cont/prefix 403	Pentru Cash Flow, codurile sintetice se pot trata ca prefix pentru toate analiticele aferente.
3810	Cash Flow	Plăți	Plăți totale	Plăți pentru Activitatea operațională	Plăți către furnizori		462	Plăți pentru Creditori diverși			ACCOUNT_LEAF	Credit	-	TRUE	Plată: rulaj creditor în conturile de numerar cu contrapartidă cont/prefix 462	Pentru Cash Flow, codurile sintetice se pot trata ca prefix pentru toate analiticele aferente.
3820	Cash Flow	Plăți	Plăți totale	Plăți pentru Activitatea operațională	Plăți către furnizori		401	Plăți pentru Furnizori			ACCOUNT_LEAF	Credit	-	TRUE	Plată: rulaj creditor în conturile de numerar cu contrapartidă cont/prefix 401	Pentru Cash Flow, codurile sintetice se pot trata ca prefix pentru toate analiticele aferente.
3830	Cash Flow	Plăți	Plăți totale	Plăți pentru Activitatea operațională	Plăți către furnizori		409	Plăți pentru Furnizori - debitori			ACCOUNT_LEAF	Credit	-	TRUE	Plată: rulaj creditor în conturile de numerar cu contrapartidă cont/prefix 409	Pentru Cash Flow, codurile sintetice se pot trata ca prefix pentru toate analiticele aferente.
3840	Cash Flow	Plăți	Plăți totale	Plăți pentru Activitatea operațională	Plăți către furnizori		408	Plăți pentru Furnizori - facturi nesosite			ACCOUNT_LEAF	Credit	-	TRUE	Plată: rulaj creditor în conturile de numerar cu contrapartidă cont/prefix 408	Pentru Cash Flow, codurile sintetice se pot trata ca prefix pentru toate analiticele aferente.
3850	Cash Flow	Plăți	Plăți totale	Plăți impozite și taxe non-salariale							REPORT_GROUP	Credit	-	FALSE	Sumă rânduri copil	
3860	Cash Flow	Plăți	Plăți totale	Plăți impozite și taxe non-salariale			448	Plăți pentru Alte datorii și creanțe cu bugetul statului			ACCOUNT_LEAF	Credit	-	TRUE	Plată: rulaj creditor în conturile de numerar cu contrapartidă cont/prefix 448	Pentru Cash Flow, codurile sintetice se pot trata ca prefix pentru toate analiticele aferente.
3870	Cash Flow	Plăți	Plăți totale	Plăți impozite și taxe non-salariale			446	Plăți pentru Alte impozite, taxe și vărsăminte asimilate			ACCOUNT_LEAF	Credit	-	TRUE	Plată: rulaj creditor în conturile de numerar cu contrapartidă cont/prefix 446	Pentru Cash Flow, codurile sintetice se pot trata ca prefix pentru toate analiticele aferente.
3880	Cash Flow	Plăți	Plăți totale	Plăți impozite și taxe non-salariale			447	Plăți pentru Fonduri speciale - taxe și vărsăminte asimilate			ACCOUNT_LEAF	Credit	-	TRUE	Plată: rulaj creditor în conturile de numerar cu contrapartidă cont/prefix 447	Pentru Cash Flow, codurile sintetice se pot trata ca prefix pentru toate analiticele aferente.
3890	Cash Flow	Plăți	Plăți totale	Plăți impozite și taxe non-salariale			442	Plăți pentru Taxa pe valoarea adăugată			ACCOUNT_LEAF	Credit	-	TRUE	Plată: rulaj creditor în conturile de numerar cu contrapartidă cont/prefix 442	Pentru Cash Flow, codurile sintetice se pot trata ca prefix pentru toate analiticele aferente.
3900	Cash Flow	Plăți	Plăți totale	Plăți totale aferente impozitului pe profit							REPORT_GROUP	Credit	-	FALSE	Sumă rânduri copil	
3910	Cash Flow	Plăți	Plăți totale	Plăți totale aferente impozitului pe profit			441	Plăți din Impozitul pe profit / venit			ACCOUNT_LEAF	Credit	-	TRUE	Plată: rulaj creditor în conturile de numerar cu contrapartidă cont/prefix 441	Pentru Cash Flow, codurile sintetice se pot trata ca prefix pentru toate analiticele aferente.
3920	Cash Flow	Plăți	Plăți totale	Plăți pentru operațiuni de trezorerie							REPORT_GROUP	Credit	-	FALSE	Sumă rânduri copil	
3930	Cash Flow	Plăți	Plăți totale	Plăți pentru operațiuni de trezorerie			542	Plăți pentru Avansuri de trezorerie			ACCOUNT_LEAF	Credit	-	TRUE	Plată: rulaj creditor în conturile de numerar cu contrapartidă cont/prefix 542	Pentru Cash Flow, codurile sintetice se pot trata ca prefix pentru toate analiticele aferente.
3940	Cash Flow	Plăți	Plăți totale	Plăți pentru operațiuni de trezorerie			473	Plăți pentru Decontări din operațiuni în curs de clarificare			ACCOUNT_LEAF	Credit	-	TRUE	Plată: rulaj creditor în conturile de numerar cu contrapartidă cont/prefix 473	Pentru Cash Flow, codurile sintetice se pot trata ca prefix pentru toate analiticele aferente.
3950	Cash Flow	Plăți	Plăți totale	Plăți pentru Activitatea financiară							REPORT_GROUP	Credit	-	FALSE	Sumă rânduri copil	
3960	Cash Flow	Plăți	Plăți totale	Plăți pentru Activitatea financiară	Plăți pentru rambursare Datorii pe termen lung						REPORT_GROUP	Credit	-	FALSE	Sumă rânduri copil	
3970	Cash Flow	Plăți	Plăți totale	Plăți pentru Activitatea financiară	Plăți pentru rambursare Datorii pe termen lung		162	Plăți pentru Credite bancare pe termen lung			ACCOUNT_LEAF	Credit	-	TRUE	Plată: rulaj creditor în conturile de numerar cu contrapartidă cont/prefix 162	Pentru Cash Flow, codurile sintetice se pot trata ca prefix pentru toate analiticele aferente.
3980	Cash Flow	Plăți	Plăți totale	Plăți pentru Activitatea financiară	Plăți pentru rambursare Datorii pe termen lung		167	Plăți pentru Alte împrumuturi și datorii asimilate			ACCOUNT_LEAF	Credit	-	TRUE	Plată: rulaj creditor în conturile de numerar cu contrapartidă cont/prefix 167	Pentru Cash Flow, codurile sintetice se pot trata ca prefix pentru toate analiticele aferente.
3990	Cash Flow	Plăți	Plăți totale	Plăți în legătură cu datoriile financiare pe termen scurt							REPORT_GROUP	Credit	-	FALSE	Sumă rânduri copil	
4000	Cash Flow	Plăți	Plăți totale	Plăți în legătură cu datoriile financiare pe termen scurt			519	Plăți pentru Credite bancare pe termen scurt			ACCOUNT_LEAF	Credit	-	TRUE	Plată: rulaj creditor în conturile de numerar cu contrapartidă cont/prefix 519	Pentru Cash Flow, codurile sintetice se pot trata ca prefix pentru toate analiticele aferente.
4010	Cash Flow	Plăți	Plăți totale	Plăți aferente activității investiționale							REPORT_GROUP	Credit	-	FALSE	Sumă rânduri copil	
4020	Cash Flow	Plăți	Plăți totale	Plăți aferente activității investiționale	Plăți pentru valorificarea activelor corporale						REPORT_GROUP	Credit	-	FALSE	Sumă rânduri copil	
4030	Cash Flow	Plăți	Plăți totale	Plăți aferente activității investiționale	Plăți pentru valorificarea activelor corporale		404	Plăți pentru Furnizori de imobilizări			ACCOUNT_LEAF	Credit	-	TRUE	Plată: rulaj creditor în conturile de numerar cu contrapartidă cont/prefix 404	Pentru Cash Flow, codurile sintetice se pot trata ca prefix pentru toate analiticele aferente.
4040	Cash Flow	Plăți	Plăți totale	Plăți neobișnuite							REPORT_GROUP	Credit	-	FALSE	Sumă rânduri copil	
4050	Cash Flow	Plăți	Plăți totale	Plăți neobișnuite	Plăți nete din Viramente în curs						REPORT_GROUP	Credit	-	FALSE	Sumă rânduri copil	
4060	Cash Flow	Plăți	Plăți totale	Plăți neobișnuite	Plăți nete din Viramente în curs	Viramente interne în curs - valoare netă					CALCULATED		calculated	FALSE	Plăți pentru viramente interne - încasări din viramente interne	
4070	Cash Flow	Plăți	Plăți totale	Plăți neobișnuite	Plăți nete din Viramente în curs	Viramente interne în curs - valoare netă	CF_TRANSFER_OUT	Plăți pentru Viramente interne		Viramente interne în curs - valoare netă	INTERNAL_ANALYTIC	Credit	-	TRUE	Transfer intern între conturi de numerar; se netează contra încasărilor interne	Nu este cont contabil standard; linie tehnică de cash flow.
4080	Cash Flow	Plăți	Plăți totale	Plăți neobișnuite	Plăți nete din Viramente în curs	Viramente interne în curs - valoare netă	CF_TRANSFER_IN	Încasări din Viramente interne		Viramente interne în curs - valoare netă	INTERNAL_ANALYTIC	Debit	+	TRUE	Transfer intern între conturi de numerar; se netează contra plăților interne	Nu este cont contabil standard; linie tehnică de cash flow.
4090	Cash Flow	Plăți	Plăți totale	Plăți neobișnuite	Plăți din scurtături reziduale						REPORT_GROUP	Credit	-	FALSE	Sumă rânduri copil	
4100	Cash Flow	Plăți	Plăți totale	Plăți neobișnuite	Plăți din scurtături reziduale		665	Plăți pentru Cheltuieli din diferențe de curs valutar			ACCOUNT_LEAF	Credit	-	TRUE	Plată: rulaj creditor în conturile de numerar cu contrapartidă cont/prefix 665	Pentru Cash Flow, codurile sintetice se pot trata ca prefix pentru toate analiticele aferente.
4110	Cash Flow	Plăți	Plăți totale	Plăți neobișnuite	Plăți din scurtături reziduale		658	Plăți pentru Alte cheltuieli de exploatare			ACCOUNT_LEAF	Credit	-	TRUE	Plată: rulaj creditor în conturile de numerar cu contrapartidă cont/prefix 658	Pentru Cash Flow, codurile sintetice se pot trata ca prefix pentru toate analiticele aferente.
4200	Cash Flow	Sold numerar	Sold numerar la final perioada								CALCULATED		calculated	FALSE	Sold numerar la început + încasări totale - plăți totale; reconciliere cu sold final 5121 + 5124 + 5311 + 5314	
4210	Cash Flow	Sold numerar	Sold numerar la final perioada	Conturi la bănci							REPORT_GROUP	Debit	+	FALSE	Sumă rânduri copil	
4220	Cash Flow	Sold numerar	Sold numerar la final perioada	Conturi la bănci	Conturi curente la bănci (512)		512	Conturi curente la bănci		Conturi la bănci	ACCOUNT_GROUP	Debit	+	FALSE	Grup pentru 5121 și 5124	
4230	Cash Flow	Sold numerar	Sold numerar la final perioada	Conturi la bănci	Conturi curente la bănci (512)		5121	Conturi la bănci în lei	512	Conturi curente la bănci	ACCOUNT_LEAF	Debit	+	TRUE	Sold final cont 5121	Pentru Cash Flow, codurile sintetice se pot trata ca prefix pentru toate analiticele aferente.
4240	Cash Flow	Sold numerar	Sold numerar la final perioada	Conturi la bănci	Conturi curente la bănci (512)		5124	Conturi la bănci în valută	512	Conturi curente la bănci	ACCOUNT_LEAF	Debit	+	TRUE	Sold final cont 5124	Pentru Cash Flow, codurile sintetice se pot trata ca prefix pentru toate analiticele aferente.
4250	Cash Flow	Sold numerar	Sold numerar la final perioada	Casa							REPORT_GROUP	Debit	+	FALSE	Sumă rânduri copil	
4260	Cash Flow	Sold numerar	Sold numerar la final perioada	Casa	Casa (531)		531	Casa		Casa	ACCOUNT_GROUP	Debit	+	FALSE	Grup pentru 5311 și 5314	
4270	Cash Flow	Sold numerar	Sold numerar la final perioada	Casa	Casa (531)		5311	Casa în lei	531	Casa	ACCOUNT_LEAF	Debit	+	TRUE	Sold final cont 5311	Pentru Cash Flow, codurile sintetice se pot trata ca prefix pentru toate analiticele aferente.
4280	Cash Flow	Sold numerar	Sold numerar la final perioada	Casa	Casa (531)		5314	Casa în valută	531	Casa	ACCOUNT_LEAF	Debit	+	TRUE	Sold final cont 5314	Pentru Cash Flow, codurile sintetice se pot trata ca prefix pentru toate analiticele aferente.